entite,label
ALFRED BONZON,PER
Bourse de Lyon,ORG
GALLICA                                                              ,PER
FR   EN   DE   ES,MISC
IT   RU                                        ,MISC
BIBLIOTHÈQUE NATIONALE DE FRANCE   ,LOC
GALLICA  ,PER
GALLICA,MISC
SUGGÉRÉS,MISC
HUGO,PER
VICTOR HUGO,PER
VICTOR-MARIE ATELIERS,PER
ALÉSI HUGO,PER
FRANÇOIS-VICTOR HUGO,PER
ABEL HUGO,PER
CHARLES ,PER
HUGO DE SANCTO,PER
HUGO,MISC
VICTORE,MISC
HUGO,PER
JOSEPH,PER
SUGGÉRÉS,MISC
HUGO DE SANCTO,PER
LOUIS ,PER
Gentilly  ,MISC
HUGO GROTIUS,PER
GEBIETE,PER
Victor,MISC
HUGO DE SANCTO,PER
GÉNÉRAL HUGO,PER
PAPE,PER
VICTOR HUGO,PER
L’EGLISE     RECHERCHE,PER
ACCÉDER,LOC
Recherche avancée     ,MISC
Sélections Accéder,ORG
ACCÉDER,LOC
TYPES,LOC
Livres   Manuscrits   Cartes   Images   Presse,MISC
Enregistrements sonores   ,MISC
Partitions   ,MISC
Vidéos     Thématiques   Arts,ORG
Histoire   Langues   Littératures   Philosophie   ,MISC
Panier   Panier     ,MISC
Espace personnel       ,ORG
AIDE,PER
Langue du site Langue du site       Français,MISC
English-EN       ,MISC
GALLICA,MISC
Rechercher        ,MISC
Sélections Accéder,ORG
TYPES,LOC
Livres   Manuscrits   Cartes   Images   Presse,MISC
Enregistrements sonores   ,MISC
Partitions   ,MISC
Vidéos     Thématiques   Arts,ORG
Histoire   Langues   Littératures   Philosophie   ,MISC
SAVOIR PLUS,MISC
DÉCOUVRIR                                                                                                                                                                                                                                                        ,ORG
ALFRED BONZON,PER
Bourse de Lyon,ORG
GALLICA                                                              ,PER
FR   EN   DE   ES,MISC
IT   RU                                        ,MISC
BIBLIOTHÈQUE NATIONALE DE FRANCE   ,LOC
GALLICA  ,PER
GALLICA,MISC
SUGGÉRÉS,MISC
HUGO,PER
VICTOR HUGO,PER
VICTOR-MARIE ATELIERS,PER
ALÉSI HUGO,PER
FRANÇOIS-VICTOR HUGO,PER
ABEL HUGO,PER
CHARLES ,PER
HUGO DE SANCTO,PER
HUGO,MISC
VICTORE,MISC
HUGO,PER
JOSEPH,PER
SUGGÉRÉS,MISC
HUGO DE SANCTO,PER
LOUIS ,PER
Gentilly  ,MISC
HUGO GROTIUS,PER
GEBIETE,PER
Victor,MISC
HUGO DE SANCTO,PER
GÉNÉRAL HUGO,PER
PAPE,PER
VICTOR HUGO,PER
L’EGLISE     RECHERCHE,PER
ACCÉDER,LOC
Recherche avancée     ,MISC
Sélections Accéder,ORG
ACCÉDER,LOC
TYPES,LOC
Livres   Manuscrits   Cartes   Images   Presse,MISC
Enregistrements sonores   ,MISC
Partitions   ,MISC
Vidéos     Thématiques   Arts,ORG
Histoire   Langues   Littératures   Philosophie   ,MISC
Panier   Panier     ,MISC
Espace personnel       ,ORG
AIDE,PER
Langue du site Langue du site       Français,MISC
English-EN       ,MISC
GALLICA,MISC
Rechercher        ,MISC
Sélections Accéder,ORG
TYPES,LOC
Livres   Manuscrits   Cartes   Images   Presse,MISC
Enregistrements sonores   ,MISC
Partitions   ,MISC
Vidéos     Thématiques   Arts,ORG
Histoire   Langues   Littératures   Philosophie   ,MISC
SAVOIR PLUS,MISC
DÉCOUVRIR                                                                                                                                                                                                                                                        ,ORG
ALFRED BONZON,PER
Bourse de Lyon,ORG
GALLICA                                                              ,PER
FR   EN   DE   ES,MISC
IT   RU                                        ,MISC
BIBLIOTHÈQUE NATIONALE DE FRANCE   ,LOC
GALLICA  ,PER
GALLICA,MISC
SUGGÉRÉS,MISC
HUGO,PER
VICTOR HUGO,PER
VICTOR-MARIE ATELIERS,PER
ALÉSI HUGO,PER
FRANÇOIS-VICTOR HUGO,PER
ABEL HUGO,PER
CHARLES ,PER
HUGO DE SANCTO,PER
HUGO,MISC
VICTORE,MISC
HUGO,PER
JOSEPH,PER
SUGGÉRÉS,MISC
HUGO DE SANCTO,PER
LOUIS ,PER
Gentilly  ,MISC
HUGO GROTIUS,PER
GEBIETE,PER
Victor,MISC
HUGO DE SANCTO,PER
GÉNÉRAL HUGO,PER
PAPE,PER
VICTOR HUGO,PER
L’EGLISE     RECHERCHE,PER
ACCÉDER,LOC
Recherche avancée     ,MISC
Sélections Accéder,ORG
ACCÉDER,LOC
TYPES,LOC
Livres   Manuscrits   Cartes   Images   Presse,MISC
Enregistrements sonores   ,MISC
Partitions   ,MISC
Vidéos     Thématiques   Arts,ORG
Histoire   Langues   Littératures   Philosophie   ,MISC
Panier   Panier     ,MISC
Espace personnel       ,ORG
AIDE,PER
Langue du site Langue du site       Français,MISC
English-EN       ,MISC
GALLICA,MISC
Rechercher        ,MISC
Sélections Accéder,ORG
TYPES,LOC
Livres   Manuscrits   Cartes   Images   Presse,MISC
Enregistrements sonores   ,MISC
Partitions   ,MISC
Vidéos     Thématiques   Arts,ORG
Histoire   Langues   Littératures   Philosophie   ,MISC
SAVOIR PLUS,MISC
DÉCOUVRIR                                                                                                                                                                                                                                                        ,ORG
ALFRED BONZON,PER
Bourse de Lyon,ORG
GALLICA                                                              ,PER
FR   EN   DE   ES,MISC
IT   RU                                        ,MISC
BIBLIOTHÈQUE NATIONALE DE FRANCE   ,LOC
GALLICA  ,PER
GALLICA,MISC
SUGGÉRÉS,MISC
HUGO,PER
VICTOR HUGO,PER
VICTOR-MARIE ATELIERS,PER
ALÉSI HUGO,PER
FRANÇOIS-VICTOR HUGO,PER
ABEL HUGO,PER
CHARLES ,PER
HUGO DE SANCTO,PER
HUGO,MISC
VICTORE,MISC
HUGO,PER
JOSEPH,PER
SUGGÉRÉS,MISC
HUGO DE SANCTO,PER
LOUIS ,PER
Gentilly  ,MISC
HUGO GROTIUS,PER
GEBIETE,PER
Victor,MISC
HUGO DE SANCTO,PER
GÉNÉRAL HUGO,PER
PAPE,PER
VICTOR HUGO,PER
L’EGLISE     RECHERCHE,PER
ACCÉDER,LOC
Recherche avancée     ,MISC
Sélections Accéder,ORG
ACCÉDER,LOC
TYPES,LOC
Livres   Manuscrits   Cartes   Images   Presse,MISC
Enregistrements sonores   ,MISC
Partitions   ,MISC
Vidéos     Thématiques   Arts,ORG
Histoire   Langues   Littératures   Philosophie   ,MISC
Panier   Panier     ,MISC
Espace personnel       ,ORG
AIDE,PER
Langue du site Langue du site       Français,MISC
English-EN       ,MISC
GALLICA,MISC
Rechercher        ,MISC
Sélections Accéder,ORG
TYPES,LOC
Livres   Manuscrits   Cartes   Images   Presse,MISC
Enregistrements sonores   ,MISC
Partitions   ,MISC
Vidéos     Thématiques   Arts,ORG
Histoire   Langues   Littératures   Philosophie   ,MISC
SAVOIR PLUS,MISC
DÉCOUVRIR                                                                                                                                                                                                                                                        ,ORG
ALFRED BONZON,PER
Bourse de Lyon,ORG
GALLICA                                                              ,PER
FR   EN   DE   ES,MISC
IT   RU                                        ,MISC
BIBLIOTHÈQUE NATIONALE DE FRANCE   ,LOC
GALLICA  ,PER
GALLICA,MISC
SUGGÉRÉS,MISC
HUGO,PER
VICTOR HUGO,PER
VICTOR-MARIE ATELIERS,PER
ALÉSI HUGO,PER
FRANÇOIS-VICTOR HUGO,PER
ABEL HUGO,PER
CHARLES ,PER
HUGO DE SANCTO,PER
HUGO,MISC
VICTORE,MISC
HUGO,PER
JOSEPH,PER
SUGGÉRÉS,MISC
HUGO DE SANCTO,PER
LOUIS ,PER
Gentilly  ,MISC
HUGO GROTIUS,PER
GEBIETE,PER
Victor,MISC
HUGO DE SANCTO,PER
GÉNÉRAL HUGO,PER
PAPE,PER
VICTOR HUGO,PER
L’EGLISE     RECHERCHE,PER
ACCÉDER,LOC
Recherche avancée     ,MISC
Sélections Accéder,ORG
ACCÉDER,LOC
TYPES,LOC
Livres   Manuscrits   Cartes   Images   Presse,MISC
Enregistrements sonores   ,MISC
Partitions   ,MISC
Vidéos     Thématiques   Arts,ORG
Histoire   Langues   Littératures   Philosophie   ,MISC
Panier   Panier     ,MISC
Espace personnel       ,ORG
AIDE,PER
Langue du site Langue du site       Français,MISC
English-EN       ,MISC
GALLICA,MISC
Rechercher        ,MISC
Sélections Accéder,ORG
TYPES,LOC
Livres   Manuscrits   Cartes   Images   Presse,MISC
Enregistrements sonores   ,MISC
Partitions   ,MISC
Vidéos     Thématiques   Arts,ORG
Histoire   Langues   Littératures   Philosophie   ,MISC
SAVOIR PLUS,MISC
DÉCOUVRIR                                                                                                                                                                                                                                                        ,ORG
ALFRED BONZON,PER
Bourse de Lyon,ORG
GALLICA                                                              ,PER
FR   EN   DE   ES,MISC
IT   RU                                        ,MISC
BIBLIOTHÈQUE NATIONALE DE FRANCE   ,LOC
GALLICA  ,PER
GALLICA,MISC
SUGGÉRÉS,MISC
HUGO,PER
VICTOR HUGO,PER
VICTOR-MARIE ATELIERS,PER
ALÉSI HUGO,PER
FRANÇOIS-VICTOR HUGO,PER
ABEL HUGO,PER
CHARLES ,PER
HUGO DE SANCTO,PER
HUGO,MISC
VICTORE,MISC
HUGO,PER
JOSEPH,PER
SUGGÉRÉS,MISC
HUGO DE SANCTO,PER
LOUIS ,PER
Gentilly  ,MISC
HUGO GROTIUS,PER
GEBIETE,PER
Victor,MISC
HUGO DE SANCTO,PER
GÉNÉRAL HUGO,PER
PAPE,PER
VICTOR HUGO,PER
L’EGLISE     RECHERCHE,PER
ACCÉDER,LOC
Recherche avancée     ,MISC
Sélections Accéder,ORG
ACCÉDER,LOC
TYPES,LOC
Livres   Manuscrits   Cartes   Images   Presse,MISC
Enregistrements sonores   ,MISC
Partitions   ,MISC
Vidéos     Thématiques   Arts,ORG
Histoire   Langues   Littératures   Philosophie   ,MISC
Panier   Panier     ,MISC
Espace personnel       ,ORG
AIDE,PER
Langue du site Langue du site       Français,MISC
English-EN       ,MISC
GALLICA,MISC
Rechercher        ,MISC
Sélections Accéder,ORG
TYPES,LOC
Livres   Manuscrits   Cartes   Images   Presse,MISC
Enregistrements sonores   ,MISC
Partitions   ,MISC
Vidéos     Thématiques   Arts,ORG
Histoire   Langues   Littératures   Philosophie   ,MISC
SAVOIR PLUS,MISC
DÉCOUVRIR                                                                                                                                                                                                                                                        ,ORG
ALFRED BONZON,PER
Bourse de Lyon,ORG
GALLICA                                                              ,PER
FR   EN   DE   ES,MISC
IT   RU                                        ,MISC
BIBLIOTHÈQUE NATIONALE DE FRANCE   ,LOC
GALLICA  ,PER
GALLICA,MISC
SUGGÉRÉS,MISC
HUGO,PER
VICTOR HUGO,PER
VICTOR-MARIE ATELIERS,PER
ALÉSI HUGO,PER
FRANÇOIS-VICTOR HUGO,PER
ABEL HUGO,PER
CHARLES ,PER
HUGO DE SANCTO,PER
HUGO,MISC
VICTORE,MISC
HUGO,PER
JOSEPH,PER
SUGGÉRÉS,MISC
HUGO DE SANCTO,PER
LOUIS ,PER
Gentilly  ,MISC
HUGO GROTIUS,PER
GEBIETE,PER
Victor,MISC
HUGO DE SANCTO,PER
GÉNÉRAL HUGO,PER
PAPE,PER
VICTOR HUGO,PER
L’EGLISE     RECHERCHE,PER
ACCÉDER,LOC
Recherche avancée     ,MISC
Sélections Accéder,ORG
ACCÉDER,LOC
TYPES,LOC
Livres   Manuscrits   Cartes   Images   Presse,MISC
Enregistrements sonores   ,MISC
Partitions   ,MISC
Vidéos     Thématiques   Arts,ORG
Histoire   Langues   Littératures   Philosophie   ,MISC
Panier   Panier     ,MISC
Espace personnel       ,ORG
AIDE,PER
Langue du site Langue du site       Français,MISC
English-EN       ,MISC
GALLICA,MISC
Rechercher        ,MISC
Sélections Accéder,ORG
TYPES,LOC
Livres   Manuscrits   Cartes   Images   Presse,MISC
Enregistrements sonores   ,MISC
Partitions   ,MISC
Vidéos     Thématiques   Arts,ORG
Histoire   Langues   Littératures   Philosophie   ,MISC
SAVOIR PLUS,MISC
DÉCOUVRIR                                                                                                                                                                                                                                                        ,ORG
ALFRED BONZON,PER
Bourse de Lyon,ORG
GALLICA                                                              ,PER
FR   EN   DE   ES,MISC
IT   RU                                        ,MISC
BIBLIOTHÈQUE NATIONALE DE FRANCE   ,LOC
GALLICA  ,PER
GALLICA,MISC
SUGGÉRÉS,MISC
HUGO,PER
VICTOR HUGO,PER
VICTOR-MARIE ATELIERS,PER
ALÉSI HUGO,PER
FRANÇOIS-VICTOR HUGO,PER
ABEL HUGO,PER
CHARLES ,PER
HUGO DE SANCTO,PER
HUGO,MISC
VICTORE,MISC
HUGO,PER
JOSEPH,PER
SUGGÉRÉS,MISC
HUGO DE SANCTO,PER
LOUIS ,PER
Gentilly  ,MISC
HUGO GROTIUS,PER
GEBIETE,PER
Victor,MISC
HUGO DE SANCTO,PER
GÉNÉRAL HUGO,PER
PAPE,PER
VICTOR HUGO,PER
L’EGLISE     RECHERCHE,PER
ACCÉDER,LOC
Recherche avancée     ,MISC
Sélections Accéder,ORG
ACCÉDER,LOC
TYPES,LOC
Livres   Manuscrits   Cartes   Images   Presse,MISC
Enregistrements sonores   ,MISC
Partitions   ,MISC
Vidéos     Thématiques   Arts,ORG
Histoire   Langues   Littératures   Philosophie   ,MISC
Panier   Panier     ,MISC
Espace personnel       ,ORG
AIDE,PER
Langue du site Langue du site       Français,MISC
English-EN       ,MISC
GALLICA,MISC
Rechercher        ,MISC
Sélections Accéder,ORG
TYPES,LOC
Livres   Manuscrits   Cartes   Images   Presse,MISC
Enregistrements sonores   ,MISC
Partitions   ,MISC
Vidéos     Thématiques   Arts,ORG
Histoire   Langues   Littératures   Philosophie   ,MISC
SAVOIR PLUS,MISC
DÉCOUVRIR                                                                                                                                                                                                                                                        ,ORG
ALFRED BONZON,PER
Bourse de Lyon,ORG
GALLICA                                                              ,PER
FR   EN   DE   ES,MISC
IT   RU                                        ,MISC
BIBLIOTHÈQUE NATIONALE DE FRANCE   ,LOC
GALLICA  ,PER
GALLICA,MISC
SUGGÉRÉS,MISC
HUGO,PER
VICTOR HUGO,PER
VICTOR-MARIE ATELIERS,PER
ALÉSI HUGO,PER
FRANÇOIS-VICTOR HUGO,PER
ABEL HUGO,PER
CHARLES ,PER
HUGO DE SANCTO,PER
HUGO,MISC
VICTORE,MISC
HUGO,PER
JOSEPH,PER
SUGGÉRÉS,MISC
HUGO DE SANCTO,PER
LOUIS ,PER
Gentilly  ,MISC
HUGO GROTIUS,PER
GEBIETE,PER
Victor,MISC
HUGO DE SANCTO,PER
GÉNÉRAL HUGO,PER
PAPE,PER
VICTOR HUGO,PER
L’EGLISE     RECHERCHE,PER
ACCÉDER,LOC
Recherche avancée     ,MISC
Sélections Accéder,ORG
ACCÉDER,LOC
TYPES,LOC
Livres   Manuscrits   Cartes   Images   Presse,MISC
Enregistrements sonores   ,MISC
Partitions   ,MISC
Vidéos     Thématiques   Arts,ORG
Histoire   Langues   Littératures   Philosophie   ,MISC
Panier   Panier     ,MISC
Espace personnel       ,ORG
AIDE,PER
Langue du site Langue du site       Français,MISC
English-EN       ,MISC
GALLICA,MISC
Rechercher        ,MISC
Sélections Accéder,ORG
TYPES,LOC
Livres   Manuscrits   Cartes   Images   Presse,MISC
Enregistrements sonores   ,MISC
Partitions   ,MISC
Vidéos     Thématiques   Arts,ORG
Histoire   Langues   Littératures   Philosophie   ,MISC
SAVOIR PLUS,MISC
DÉCOUVRIR                                                                                                                                                                                                                                                        ,ORG
ALFRED BONZON,PER
Bourse de Lyon,ORG
GALLICA                                                              ,PER
FR   EN   DE   ES,MISC
IT   RU                                        ,MISC
BIBLIOTHÈQUE NATIONALE DE FRANCE   ,LOC
GALLICA  ,PER
GALLICA,MISC
SUGGÉRÉS,MISC
HUGO,PER
VICTOR HUGO,PER
VICTOR-MARIE ATELIERS,PER
ALÉSI HUGO,PER
FRANÇOIS-VICTOR HUGO,PER
ABEL HUGO,PER
CHARLES ,PER
HUGO DE SANCTO,PER
HUGO,MISC
VICTORE,MISC
HUGO,PER
JOSEPH,PER
SUGGÉRÉS,MISC
HUGO DE SANCTO,PER
LOUIS ,PER
Gentilly  ,MISC
HUGO GROTIUS,PER
GEBIETE,PER
Victor,MISC
HUGO DE SANCTO,PER
GÉNÉRAL HUGO,PER
PAPE,PER
VICTOR HUGO,PER
L’EGLISE     RECHERCHE,PER
ACCÉDER,LOC
Recherche avancée     ,MISC
Sélections Accéder,ORG
ACCÉDER,LOC
TYPES,LOC
Livres   Manuscrits   Cartes   Images   Presse,MISC
Enregistrements sonores   ,MISC
Partitions   ,MISC
Vidéos     Thématiques   Arts,ORG
Histoire   Langues   Littératures   Philosophie   ,MISC
Panier   Panier     ,MISC
Espace personnel       ,ORG
AIDE,PER
Langue du site Langue du site       Français,MISC
English-EN       ,MISC
GALLICA,MISC
Rechercher        ,MISC
Sélections Accéder,ORG
TYPES,LOC
Livres   Manuscrits   Cartes   Images   Presse,MISC
Enregistrements sonores   ,MISC
Partitions   ,MISC
Vidéos     Thématiques   Arts,ORG
Histoire   Langues   Littératures   Philosophie   ,MISC
SAVOIR PLUS,MISC
DÉCOUVRIR                                                                                                                                                                                                                                                        ,ORG
ALFRED BONZON,PER
Bourse de Lyon,ORG
GALLICA                                                              ,PER
FR   EN   DE   ES,MISC
IT   RU                                        ,MISC
BIBLIOTHÈQUE NATIONALE DE FRANCE   ,LOC
GALLICA  ,PER
GALLICA,MISC
SUGGÉRÉS,MISC
HUGO,PER
VICTOR HUGO,PER
VICTOR-MARIE ATELIERS,PER
ALÉSI HUGO,PER
FRANÇOIS-VICTOR HUGO,PER
ABEL HUGO,PER
CHARLES ,PER
HUGO DE SANCTO,PER
HUGO,MISC
VICTORE,MISC
HUGO,PER
JOSEPH,PER
SUGGÉRÉS,MISC
HUGO DE SANCTO,PER
LOUIS ,PER
Gentilly  ,MISC
HUGO GROTIUS,PER
GEBIETE,PER
Victor,MISC
HUGO DE SANCTO,PER
GÉNÉRAL HUGO,PER
PAPE,PER
VICTOR HUGO,PER
L’EGLISE     RECHERCHE,PER
ACCÉDER,LOC
Recherche avancée     ,MISC
Sélections Accéder,ORG
ACCÉDER,LOC
TYPES,LOC
Livres   Manuscrits   Cartes   Images   Presse,MISC
Enregistrements sonores   ,MISC
Partitions   ,MISC
Vidéos     Thématiques   Arts,ORG
Histoire   Langues   Littératures   Philosophie   ,MISC
Panier   Panier     ,MISC
Espace personnel       ,ORG
AIDE,PER
Langue du site Langue du site       Français,MISC
English-EN       ,MISC
GALLICA,MISC
Rechercher        ,MISC
Sélections Accéder,ORG
TYPES,LOC
Livres   Manuscrits   Cartes   Images   Presse,MISC
Enregistrements sonores   ,MISC
Partitions   ,MISC
Vidéos     Thématiques   Arts,ORG
Histoire   Langues   Littératures   Philosophie   ,MISC
SAVOIR PLUS,MISC
DÉCOUVRIR                                                                                                                                                                                                                                                        ,ORG
ALFRED BONZON,PER
Bourse de Lyon,ORG
GALLICA                                                              ,PER
FR   EN   DE   ES,MISC
IT   RU                                        ,MISC
BIBLIOTHÈQUE NATIONALE DE FRANCE   ,LOC
GALLICA  ,PER
GALLICA,MISC
SUGGÉRÉS,MISC
HUGO,PER
VICTOR HUGO,PER
VICTOR-MARIE ATELIERS,PER
ALÉSI HUGO,PER
FRANÇOIS-VICTOR HUGO,PER
ABEL HUGO,PER
CHARLES ,PER
HUGO DE SANCTO,PER
HUGO,MISC
VICTORE,MISC
HUGO,PER
JOSEPH,PER
SUGGÉRÉS,MISC
HUGO DE SANCTO,PER
LOUIS ,PER
Gentilly  ,MISC
HUGO GROTIUS,PER
GEBIETE,PER
Victor,MISC
HUGO DE SANCTO,PER
GÉNÉRAL HUGO,PER
PAPE,PER
VICTOR HUGO,PER
L’EGLISE     RECHERCHE,PER
ACCÉDER,LOC
Recherche avancée     ,MISC
Sélections Accéder,ORG
ACCÉDER,LOC
TYPES,LOC
Livres   Manuscrits   Cartes   Images   Presse,MISC
Enregistrements sonores   ,MISC
Partitions   ,MISC
Vidéos     Thématiques   Arts,ORG
Histoire   Langues   Littératures   Philosophie   ,MISC
Panier   Panier     ,MISC
Espace personnel       ,ORG
AIDE,PER
Langue du site Langue du site       Français,MISC
English-EN       ,MISC
GALLICA,MISC
Rechercher        ,MISC
Sélections Accéder,ORG
TYPES,LOC
Livres   Manuscrits   Cartes   Images   Presse,MISC
Enregistrements sonores   ,MISC
Partitions   ,MISC
Vidéos     Thématiques   Arts,ORG
Histoire   Langues   Littératures   Philosophie   ,MISC
SAVOIR PLUS,MISC
DÉCOUVRIR                                                                                                                                                                                                                                                        ,ORG
ALFRED BONZON,PER
Bourse de Lyon,ORG
GALLICA                                                              ,PER
FR   EN   DE   ES,MISC
IT   RU                                        ,MISC
BIBLIOTHÈQUE NATIONALE DE FRANCE   ,LOC
GALLICA  ,PER
GALLICA,MISC
SUGGÉRÉS,MISC
HUGO,PER
VICTOR HUGO,PER
VICTOR-MARIE ATELIERS,PER
ALÉSI HUGO,PER
FRANÇOIS-VICTOR HUGO,PER
ABEL HUGO,PER
CHARLES ,PER
HUGO DE SANCTO,PER
HUGO,MISC
VICTORE,MISC
HUGO,PER
JOSEPH,PER
SUGGÉRÉS,MISC
HUGO DE SANCTO,PER
LOUIS ,PER
Gentilly  ,MISC
HUGO GROTIUS,PER
GEBIETE,PER
Victor,MISC
HUGO DE SANCTO,PER
GÉNÉRAL HUGO,PER
PAPE,PER
VICTOR HUGO,PER
L’EGLISE     RECHERCHE,PER
ACCÉDER,LOC
Recherche avancée     ,MISC
Sélections Accéder,ORG
ACCÉDER,LOC
TYPES,LOC
Livres   Manuscrits   Cartes   Images   Presse,MISC
Enregistrements sonores   ,MISC
Partitions   ,MISC
Vidéos     Thématiques   Arts,ORG
Histoire   Langues   Littératures   Philosophie   ,MISC
Panier   Panier     ,MISC
Espace personnel       ,ORG
AIDE,PER
Langue du site Langue du site       Français,MISC
English-EN       ,MISC
GALLICA,MISC
Rechercher        ,MISC
Sélections Accéder,ORG
TYPES,LOC
Livres   Manuscrits   Cartes   Images   Presse,MISC
Enregistrements sonores   ,MISC
Partitions   ,MISC
Vidéos     Thématiques   Arts,ORG
Histoire   Langues   Littératures   Philosophie   ,MISC
SAVOIR PLUS,MISC
DÉCOUVRIR                                                                                                                                                                                                                                                        ,ORG
